url,address,location,price,detail1,detail2,page
"https://www.loopnet.com/Listing/315-25th-St-Richmond-CA/39113952/","315 25th St","","Strong location in Downtown Richmond","Value-add mixed-use opportunity","Starting bid $400,000","1"
"https://www.loopnet.com/Listing/2601-2605-High-St-Oakland-CA/37262179/","2601-2605 High St","Oakland, CA 94619","$2,000,000","8.24% Cap Rate","11 Unit Apartment Building","1"
"https://www.loopnet.com/Listing/1532-Howard-St-San-Francisco-CA/38729368/","1532 Howard St","San Francisco, CA 94103","$4,895,000","15 Unit Apartment Building","8,225 SF","1"
"https://www.loopnet.com/Listing/835-843-Broadway-San-Francisco-CA/39854251/","835-843 Broadway","San Francisco, CA 94133","$2,400,000","5.31% Cap Rate","8 Unit Apartment Building","1"
"https://www.loopnet.com/Listing/815-OFarrell-St-San-Francisco-CA/39853285/","815 O'Farrell St","San Francisco, CA 94109","$6,750,000","8.14% Cap Rate","42 Unit Apartment Building","1"
"https://www.loopnet.com/Listing/256-Pettis-Ave-Mountain-View-CA/39839362/","256 Pettis Ave","Mountain View, CA 94041","$2,695,000","5 Unit Apartment Building","2,801 SF","1"
"https://www.loopnet.com/Listing/955-Vermont-St-San-Jose-CA/39837652/","955 Vermont St","San Jose, CA 95126","$1,880,000","4.46% Cap Rate","4 Unit Apartment Building","1"
"https://www.loopnet.com/Listing/1942-Desert-Cor-Walnut-Creek-CA/39826032/","1942 Desert Cor","Walnut Creek, CA 94598","$2,900,000","7 Unit Apartment Building","6,046 SF","1"
"https://www.loopnet.com/Listing/3110-California-St-Berkeley-CA/39826001/","3110 California St","Berkeley, CA 94703","$1,250,000","5.38% Cap Rate","4 Unit Apartment Building","1"
"https://www.loopnet.com/Listing/150-Shoreline-Hwy-Mill-Valley-CA/39825481/","150 Shoreline Hwy","Mill Valley, CA 94941","$3,750,000","24 Unit Apartment Building","15,000 SF","1"
"https://www.loopnet.com/Listing/3104-Sacramento-St-San-Francisco-CA/39824490/","3104 Sacramento St","San Francisco, CA 94115","$3,150,000","3.92% Cap Rate","9 Unit Apartment Building","1"
"https://www.loopnet.com/Listing/339-Waverley-St-Menlo-Park-CA/39812343/","339 Waverley St","Menlo Park, CA 94025","$2,550,000","2.16% Cap Rate","2 Unit Apartment Building","1"
"https://www.loopnet.com/Listing/1504-S-Claremont-St-San-Mateo-CA/39807478/","1504 S Claremont St","San Mateo, CA 94402","$2,890,000","5.06% Cap Rate","8 Unit Apartment Building","1"
"https://www.loopnet.com/Listing/1586-Folsom-St-San-Francisco-CA/39807456/","1586 Folsom St","San Francisco, CA 94103","$3,130,000","6.28% Cap Rate","10 Unit Apartment Building","1"
"https://www.loopnet.com/Listing/811-Brown-St-Martinez-CA/39807397/","811 Brown St","Martinez, CA 94553","$4,199,000","5.14% Cap Rate","12 Unit Apartment Building","1"
"https://www.loopnet.com/Listing/246-28th-St-San-Francisco-CA/39791922/","246 28th St","San Francisco, CA 94131","$2,500,000","4.24% Cap Rate","6 Unit Apartment Building","1"
"https://www.loopnet.com/Listing/328-Higdon-Ave-Mountain-View-CA/39781183/","328 Higdon Ave","Mountain View, CA 94041","$2,400,000","3.71% Cap Rate","5 Unit Apartment Building","1"
"https://www.loopnet.com/Listing/794-San-Jose-Ave-San-Francisco-CA/39773489/","794 San Jose Ave","San Francisco, CA 94110","$2,200,000","4.10% Cap Rate","8 Unit Apartment Building","1"
"https://www.loopnet.com/Listing/1355-47th-Ave-San-Francisco-CA/39773484/","1355 47th Ave","San Francisco, CA 94122","$1,100,000","3.80% Cap Rate","5 Unit Apartment Building","1"
"https://www.loopnet.com/Listing/1920-Camino-Verde-Walnut-Creek-CA/39771857/","1920 Camino Verde","Walnut Creek, CA 94597","$1,695,000","4.12% Cap Rate","3 Unit Apartment Building","1"
"https://www.loopnet.com/Listing/3501-Lafayette-St-Santa-Clara-CA/39770597/","3501 Lafayette St","Santa Clara, CA 95054","$7,225,000","4.71% Cap Rate","17 Unit Apartment Building","1"
"https://www.loopnet.com/Listing/555-569-S-2nd-St-San-Jose-CA/39768608/","555-569 S 2nd St","San Jose, CA 95112","$8,280,000","6.93% Cap Rate","39 Unit Apartment Building","1"
"https://www.loopnet.com/Listing/605-San-Pablo-Ave-Albany-CA/39750395/","605 San Pablo Ave","Albany, CA 94706","$2,720,000","5.41% Cap Rate","10 Unit Apartment Building","1"
"https://www.loopnet.com/Listing/720-Shell-Ave-Martinez-CA/39749320/","720 Shell Ave","Martinez, CA 94553","$16,295,000","5.46% Cap Rate","42 Unit Apartment Building","1"
"https://www.loopnet.com/Listing/126-136-N-7th-St-San-Jose-CA/39749258/","126-136 N 7th St","San Jose, CA 95112","Silicon Valley Multifamily Group","$2,250,000","4.63% Cap Rate","1"
"https://www.loopnet.com/Listing/2748-Kollmar-Dr-San-Jose-CA/39748246/","2748 Kollmar Dr","San Jose, CA 95127","$4,600,000","6.73% Cap Rate","16 Unit Apartment Building","2"
"https://www.loopnet.com/Listing/19-Joost-Ave-San-Francisco-CA/39743519/","19 Joost Ave","San Francisco, CA 94131","$1,350,000","5.07% Cap Rate","3 Unit Apartment Building","2"
"https://www.loopnet.com/Listing/2466-Virginia-St-Berkeley-CA/39729997/","2466 Virginia St","Berkeley, CA 94709","$4,000,000","6.16% Cap Rate","18 Unit Dormitory","2"
"https://www.loopnet.com/Listing/1430-Josephine-St-Berkeley-CA/39728365/","1430 Josephine St","Berkeley, CA 94703","$5,280,000","5.40% Cap Rate","19 Unit Apartment Building","2"
"https://www.loopnet.com/Listing/251-Middlefield-Rd-Palo-Alto-CA/39728052/","251 Middlefield Rd","Palo Alto, CA 94301","$7,988,000","7 Unit Apartment Building","9,215 SF","2"
"https://www.loopnet.com/Listing/2212-Sacramento-St-Berkeley-CA/39715417/","2212 Sacramento St","Berkeley, CA 94702","$4,000,000","23 Unit Apartment Building","20,300 SF","2"
"https://www.loopnet.com/Listing/20317-Wisteria-St-Castro-Valley-CA/39715317/","20317 Wisteria St","Castro Valley, CA 94546","$2,395,000","5.40% Cap Rate","10 Unit Apartment Building","2"
"https://www.loopnet.com/Listing/1650-Clay-St-San-Francisco-CA/39712733/","1650 Clay St","San Francisco, CA 94109","$4,200,000","14 Unit Apartment Building","8,975 SF","2"
"https://www.loopnet.com/Listing/1626-Francisco-St-Berkeley-CA/39712132/","1626 Francisco St","Berkeley, CA 94703","$2,800,000","5.80% Cap Rate","10 Unit Apartment Building","2"
"https://www.loopnet.com/Listing/1430-1436-45th-Ave-Oakland-CA/39695764/","1430-1436 45th Ave","Oakland, CA 94601","$1,295,000","6.41% Cap Rate","10 Unit Apartment Building","2"
"https://www.loopnet.com/Listing/928-930-Ravenscourt-Ave-Campbell-CA/39678251/","928-930 Ravenscourt Ave","Campbell, CA 95008","$2,900,000","5.83% Cap Rate","8 Unit Apartment Building","2"
"https://www.loopnet.com/Listing/3535-Wawona-St-San-Francisco-CA/39677800/","3535 Wawona St","San Francisco, CA 94116","$18,000,000","16 Unit Apartment Building","117,000 SF","2"
"https://www.loopnet.com/Listing/561-Minna-St-San-Francisco-CA/39664414/","561 Minna St","San Francisco, CA 94103","$1,980,000","8.91% Cap Rate","4 Unit Apartment Building","2"
"https://www.loopnet.com/Listing/6504-Bancroft-Ave-Oakland-CA/39663225/","6504 Bancroft Ave","Oakland, CA 94605","$698,000","6.20% Cap Rate","2 Unit Apartment Building","2"
"https://www.loopnet.com/Listing/4527-Bancroft-Ave-Oakland-CA/39646924/","4527 Bancroft Ave","Oakland, CA 94601","$3,025,000","7.37% Cap Rate","18 Unit Apartment Building","2"
"https://www.loopnet.com/Listing/4111-Beresford-St-San-Mateo-CA/39646902/","4111 Beresford St","San Mateo, CA 94403","$2,599,000","6 Unit Apartment Building","7,505 SF","2"
"https://www.loopnet.com/Listing/369-Palm-Ave-Oakland-CA/39646361/","369 Palm Ave","Oakland, CA 94610","$5,140,000","6.00% Cap Rate","24 Unit Apartment Building","2"
"https://www.loopnet.com/Listing/2001-Parrott-Dr-San-Mateo-CA/39645527/","2001 Parrott Dr","San Mateo, CA 94402","$7,088,000","3.28% Cap Rate","10 Unit Apartment Building","2"
"https://www.loopnet.com/Listing/8124-Greenly-Dr-Oakland-CA/39632372/","8124 Greenly Dr","Oakland, CA 94605","$1,099,000","5.26% Cap Rate","2 Unit Apartment Building","2"
"https://www.loopnet.com/Listing/65-Thornton-St-San-Leandro-CA/39631444/","65 Thornton St","San Leandro, CA 94577","$7,250,000","5.79% Cap Rate","29 Unit Apartment Building","2"
"https://www.loopnet.com/Listing/132-Locksley-Ave-San-Francisco-CA/39628908/","132 Locksley Ave","San Francisco, CA 94122","$2,200,000","4.66% Cap Rate","4 Unit Apartment Building","2"
"https://www.loopnet.com/Listing/2766-2780-Argyll-Ave/39628492/","2766 & 2780 Argyll Ave","","$2,590,000","2 Multifamily Properties","","2"
"https://www.loopnet.com/Listing/2705-Homestead-Rd-Santa-Clara-CA/39628428/","2705 Homestead Rd","Santa Clara, CA 95051","$6,200,000","4.87% Cap Rate","19 Unit Apartment Building","2"
"https://www.loopnet.com/Listing/33638-9th-St-Union-City-CA/39618197/","33638 9th St","Union City, CA 94587","$1,195,000","3.76% Cap Rate","3 Unit Apartment Building","2"
"https://www.loopnet.com/Listing/1527-8th-St-Alameda-CA/39617222/","1527 8th St","Alameda, CA 94501","$1,650,000","4.09% Cap Rate","5 Unit Apartment Building","2"
"https://www.loopnet.com/Listing/144-148-Sanchez-St-San-Francisco-CA/39607266/","144-148 Sanchez St","San Francisco, CA 94114","$2,700,000","5.03% Cap Rate","5 Unit Apartment Building","3"
"https://www.loopnet.com/Listing/3525-Dimond-Ave-Oakland-CA/39606824/","3525 Dimond Ave","Oakland, CA 94602","$6,500,000","8.79% Cap Rate","42 Unit Apartment Building","3"
"https://www.loopnet.com/Listing/603-22nd-St-Oakland-CA/39606411/","603 22nd St","Oakland, CA 94612","$2,650,000","6.28% Cap Rate","9 Unit Apartment Building","3"
"https://www.loopnet.com/Listing/1535-Julia-St-Berkeley-CA/39604880/","1535 Julia St","Berkeley, CA 94703","$1,290,000","5.86% Cap Rate","5 Unit Apartment Building","3"
"https://www.loopnet.com/Listing/2241-9th-St-Berkeley-CA/39595711/","2241 9th St","Berkeley, CA 94710","$1,600,000","5 Unit Apartment Building","4,750 SF","3"
"https://www.loopnet.com/Listing/1661-Fruitvale-Ave-Oakland-CA/39580903/","1661 Fruitvale Ave","Oakland, CA 94601","$995,000","6.70% Cap Rate","6 Unit Apartment Building","3"
"https://www.loopnet.com/Listing/257-Poplar-Ave-Hayward-CA/39578606/","257 Poplar Ave","Hayward, CA 94541","$4,300,000","5.80% Cap Rate","12 Unit Apartment Building","3"
"https://www.loopnet.com/Listing/128-E-Reed-St-San-Jose-CA/39578564/","128 E Reed St","San Jose, CA 95112","$2,475,000","5.04% Cap Rate","6 Unit Apartment Building","3"
"https://www.loopnet.com/Listing/15-Hawthorne-Way-San-Jose-CA/39550275/","15 Hawthorne Way","San Jose, CA 95110","$9,500,000","4.58% Cap Rate","25 Unit Apartment Building","3"
"https://www.loopnet.com/Listing/143-19th-St-Richmond-CA/39546659/","143 19th St","Richmond, CA 94801","$1,250,000","6.31% Cap Rate","4 Unit Apartment Building","3"
"https://www.loopnet.com/Listing/4045-Manila-Ave-Oakland-CA/39533419/","4045 Manila Ave","Oakland, CA 94609","$1,475,000","4.62% Cap Rate","4 Unit Apartment Building","3"
"https://www.loopnet.com/Listing/500-Buena-Vista-Ave-Alameda-CA/39514776/","500 Buena Vista Ave","Alameda, CA 94501","$3,100,000","5.61% Cap Rate","10 Unit Apartment Building","3"
"https://www.loopnet.com/Listing/Forestdale-Ave-Apartments-Portfolio/39506411/","Forestdale Ave Apartments Portfolio","","$5,195,000","4.33% Cap Rate","2 Multifamily Properties","3"
"https://www.loopnet.com/Listing/545-Hampshire-Ave-Redwood-City-CA/39495311/","545 Hampshire Ave","Redwood City, CA 94063","$1,628,000","4.84% Cap Rate","4 Unit Apartment Building","3"
"https://www.loopnet.com/Listing/299-Rhine-St-Daly-City-CA/39495160/","299 Rhine St","Daly City, CA 94014","$1,400,000","4.40% Cap Rate","3 Unit Apartment Building","3"
"https://www.loopnet.com/Listing/761-Shepherd-Ave-Hayward-CA/39493899/","761 Shepherd Ave","Hayward, CA 94544","$1,395,000","5.68% Cap Rate","4 Unit Apartment Building","3"
"https://www.loopnet.com/Listing/181-Units-75-Easy-Management/39493779/","181 Units - 7.5% - Easy Management","","American Liberty Investments","$33,486,000","7.50% Cap Rate","3"
"https://www.loopnet.com/Listing/620-Alamo-Ct-Mountain-View-CA/39493624/","620 Alamo Ct","Mountain View, CA 94043","$12,500,000","5.01% Cap Rate","25 Unit Apartment Building","3"
"https://www.loopnet.com/Listing/21447-461-Ocean-View-Dr-Hayward-CA/39491646/","21447-461 Ocean View Dr","Hayward, CA 94541","$1,350,000","6.55% Cap Rate","8 Unit Apartment Building","3"
"https://www.loopnet.com/Listing/1040-1042-Howard-St-San-Francisco-CA/39489513/","1040-1042 Howard St","San Francisco, CA 94103","$2,450,000","5.98% Cap Rate","9 Unit Apartment Building","3"
"https://www.loopnet.com/Listing/219-E-Blithedale-Ave-Mill-Valley-CA/39480621/","219 E Blithedale Ave","Mill Valley, CA 94941","$2,500,000","4.52% Cap Rate","5 Unit Apartment Building","3"
"https://www.loopnet.com/Listing/5412-Claremont-Ave-Oakland-CA/39479138/","5412 Claremont Ave","Oakland, CA 94618","American Liberty Investments","$9,874,000","4.70% Cap Rate","3"
"https://www.loopnet.com/Listing/3-Financing-Easy-Management-205-Sqft/39479120/","3% Financing - Easy Management $205 Sqft","","American Liberty Investments","$6,650,000","6.10% Cap Rate","3"
"https://www.loopnet.com/Listing/77-83-9th-St-San-Francisco-CA/39479099/","77-83 9th St","San Francisco, CA 94103","American Liberty Investments","$10,500,000","5.30% Cap Rate","3"
"https://www.loopnet.com/Listing/1618-1632-Mason-St-San-Francisco-CA/39479062/","1618-1632 Mason St","San Francisco, CA 94133","American Liberty Investments","$12,700,000","5.20% Cap Rate","3"
"https://www.loopnet.com/Listing/5499-Claremont-Ave-Oakland-CA/39478986/","5499 Claremont Ave","Oakland, CA 94618","American Liberty Investments","$7,152,000","4.80% Cap Rate","4"
"https://www.loopnet.com/Listing/303-Lee-St-Oakland-CA/39478950/","303 Lee St","Oakland, CA 94610","American Liberty Investments","$7,450,000","5.30% Cap Rate","4"
"https://www.loopnet.com/Listing/2505-2525-10th-Ave-Oakland-CA/39478877/","2505-2525 10th Ave","Oakland, CA 94606","American Liberty Investments","$6,250,000","7.60% Cap Rate","4"
"https://www.loopnet.com/Listing/2605-9th-Ave-Oakland-CA/39478850/","2605 9th Ave","Oakland, CA 94606","American Liberty Investments","$2,598,000","7.20% Cap Rate","4"
"https://www.loopnet.com/Listing/2124-90th-Ave-Oakland-CA/39478787/","2124 90th Ave","Oakland, CA 94603","American Liberty Investments","$5,395,000","10.50% Cap Rate","4"
"https://www.loopnet.com/Listing/1810-E-25th-St-Oakland-CA/39478687/","1810 E 25th St","Oakland, CA 94606","American Liberty Investments","$3,995,000","23 Unit Apartment Building","4"
"https://www.loopnet.com/Listing/2-Arundel-Rd-Burlingame-CA/39478555/","2 Arundel Rd","Burlingame, CA 94010","$3,695,000","3.15% Cap Rate","6 Unit Apartment Building","4"
"https://www.loopnet.com/Listing/1526-Arch-St-Berkeley-CA/39478206/","1526 Arch St","Berkeley, CA 94708","$3,840,000","5.00% Cap Rate","10 Unit Apartment Building","4"
"https://www.loopnet.com/Listing/305-Oak-St-San-Francisco-CA/39467058/","305 Oak St","San Francisco, CA 94102","$2,128,000","5.07% Cap Rate","5 Unit Apartment Building","4"
"https://www.loopnet.com/Listing/123-133-Echo-Ave-Oakland-CA/39466826/","123-133 Echo Ave","Oakland, CA 94611","$2,395,000","5.79% Cap Rate","8 Unit Apartment Building","4"
"https://www.loopnet.com/Listing/1405-Merced-St-Richmond-CA/39464037/","1405 Merced St","Richmond, CA 94804","Ping An Property LLC","$1,850,000","5.80% Cap Rate","4"
"https://www.loopnet.com/Listing/3257-Delaware-St-Oakland-CA/39454658/","3257 Delaware St","Oakland, CA 94602","$1,350,000","6.15% Cap Rate","5 Unit Apartment Building","4"
"https://www.loopnet.com/Listing/1290-26th-Ave-Oakland-CA/39434354/","1290 26th Ave","Oakland, CA 94601","$3,695,000","7.49% Cap Rate","24 Unit Apartment Building","4"
"https://www.loopnet.com/Listing/388-9th-St-Oakland-CA/39405537/","388 9th St","Oakland, CA 94607","$1,280,000","1 Unit Available","Retail Condo","4"
"https://www.loopnet.com/Listing/1360-Berkeley-Way-Berkeley-CA/39393487/","1360 Berkeley Way","Berkeley, CA 94702","$4,999,999","6.95% Cap Rate","19 Unit Apartment Building","4"
"https://www.loopnet.com/Listing/462-466-Linden-St-San-Francisco-CA/39390139/","462-466 Linden St","San Francisco, CA 94102","$2,200,000","5.10% Cap Rate","4 Unit Apartment Building","4"
"https://www.loopnet.com/Listing/9235-Holly-St-Oakland-CA/39389892/","9235 Holly St","Oakland, CA 94603","$885,000","7.45% Cap Rate","5 Unit Apartment Building","4"
"https://www.loopnet.com/Listing/525-Huntington-Ave-San-Bruno-CA/39389795/","525 Huntington Ave","San Bruno, CA 94066","$1,980,000","6.58% Cap Rate","6 Unit Apartment Building","4"
"https://www.loopnet.com/Listing/1927-1929-Taraval-St-San-Francisco-CA/39376840/","1927-1929 Taraval St","San Francisco, CA 94116","$2,450,000","4 Unit Apartment Building","4,812 SF","4"
"https://www.loopnet.com/Listing/2710-2718-Kollmar-Dr-San-Jose-CA/39376489/","2710-2718 Kollmar Dr","San Jose, CA 95127","$14,668,000","6.80% Cap Rate","42 Unit Apartment Building","4"
"https://www.loopnet.com/Listing/1425-1427-ML-King-Jr-Way-Berkeley-CA/39375752/","1425-1427 M.L. King Jr. Way","Berkeley, CA 94709","$2,050,000","4.57% Cap Rate","4 Unit Apartment Building","4"
"https://www.loopnet.com/Listing/1728-Broadway-St-Redwood-City-CA/39375382/","1728 Broadway St","Redwood City, CA 94063","$1,950,000","6 Unit Apartment Building","4,452 SF","4"
"https://www.loopnet.com/Listing/1043-1053-Fell-St-San-Francisco-CA/39375127/","1043-1053 Fell St","San Francisco, CA 94117","$3,950,000","5.71% Cap Rate","9 Unit Apartment Building","4"
"https://www.loopnet.com/Listing/1039-Channing-Way-Berkeley-CA/39342498/","1039 Channing Way","Berkeley, CA 94710","$1,550,000","6.43% Cap Rate","4 Unit Apartment Building","4"
"https://www.loopnet.com/Listing/3021-22nd-St-San-Francisco-CA/39340761/","3021 22nd St","San Francisco, CA 94110","$699,995","4.03% Cap Rate","3 Unit Apartment Building","4"
"https://www.loopnet.com/Listing/968-Addison-St-Berkeley-CA/39340207/","968 Addison St","Berkeley, CA 94710","$3,996,000","5.16% Cap Rate","18 Unit Apartment Building","5"
"https://www.loopnet.com/Listing/2801-College-Ave-Berkeley-CA/39339768/","2801 College Ave","Berkeley, CA 94705","$4,628,000","5.60% Cap Rate","21 Unit Apartment Building","5"
"https://www.loopnet.com/Listing/2231-2233-Grant-St-Berkeley-CA/39339640/","2231-2233 Grant St","Berkeley, CA 94703","$5,200,000","5.69% Cap Rate","22 Unit Apartment Building","5"
"https://www.loopnet.com/Listing/25039-Cypress-Ave-Hayward-CA/39326880/","25039 Cypress Ave","Hayward, CA 94544","$2,250,000","5.52% Cap Rate","9 Unit Apartment Building","5"
"https://www.loopnet.com/Listing/960-962-W-Weddell-Dr-Sunnyvale-CA/39322980/","960-962 W Weddell Dr","Sunnyvale, CA 94089","$4,775,000","5.53% Cap Rate","20 Unit Apartment Building","5"
"https://www.loopnet.com/Listing/1272-Hampshire-St-San-Francisco-CA/39313312/","1272 Hampshire St","San Francisco, CA 94110","$999,000","7.02% Cap Rate","3 Unit Apartment Building","5"
"https://www.loopnet.com/Listing/1507-Prince-St-Berkeley-CA/39310660/","1507 Prince St","Berkeley, CA 94703","$2,850,000","7.46% Cap Rate","13 Unit Apartment Building","5"
"https://www.loopnet.com/Listing/1140-E-22nd-St-Oakland-CA/39307330/","1140 E 22nd St","Oakland, CA 94606","$1,725,000","6.42% Cap Rate","5 Unit Apartment Building","5"
"https://www.loopnet.com/Listing/1610-Milvia-St-Berkeley-CA/39307288/","1610 Milvia St","Berkeley, CA 94709","$5,199,000","8 Unit Apartment Building","6,766 SF","5"
"https://www.loopnet.com/Listing/2041-Beatrice-Ct-San-Jose-CA/39302195/","2041 Beatrice Ct","San Jose, CA 95128","$3,300,000","12 Unit Apartment Building","6,104 SF","5"
"https://www.loopnet.com/Listing/1519-48th-Ave-Oakland-CA/39302087/","1519 48th Ave","Oakland, CA 94601","MKD Group Realty","$649,000","9.73% Cap Rate","5"
"https://www.loopnet.com/Listing/1364-E-27th-St-Oakland-CA/39293712/","1364 E 27th St","Oakland, CA 94606","$1,225,000","7.08% Cap Rate","6 Unit Apartment Building","5"
"https://www.loopnet.com/Listing/116-Pine-St-Redwood-City-CA/39292584/","116 Pine St","Redwood City, CA 94063","$3,495,000","10 Unit Apartment Building","6,300 SF","5"
"https://www.loopnet.com/Listing/1625-Palmetto-Ave-Pacifica-CA/39290732/","1625 Palmetto Ave","Pacifica, CA 94044","$3,228,000","4.99% Cap Rate","8 Unit Apartment Building","5"
"https://www.loopnet.com/Listing/431-S-11th-St-San-Jose-CA/39273283/","431 S 11th St","San Jose, CA 95112","$2,725,000","5.19% Cap Rate","9 Unit Apartment Building","5"
"https://www.loopnet.com/Listing/229-Whitney-St-San-Francisco-CA/39272603/","229 Whitney St","San Francisco, CA 94131","$2,200,000","3.82% Cap Rate","3 Unit Apartment Building","5"
"https://www.loopnet.com/Listing/1228-36th-Ave-Oakland-CA/39255631/","1228 36th Ave","Oakland, CA 94601","$8,225,000","7.00% Cap Rate","13 Unit Apartment Building","5"
"https://www.loopnet.com/Listing/899-W-San-Carlos-St-San-Jose-CA/39254576/","899 W San Carlos St","San Jose, CA 95126","$1,899,000","2,203 SF","Built in 1920","5"
"https://www.loopnet.com/Listing/1920-Latham-Rd-Mountain-View-CA/39251173/","1920 Latham Rd","Mountain View, CA 94040","$8,928,000","5.00% Cap Rate","23 Unit Apartment Building","5"
"https://www.loopnet.com/Listing/407-Raymond-Ave-San-Jose-CA/39242256/","407 Raymond Ave","San Jose, CA 95128","$1,298,000","4.25% Cap Rate","2 Unit Apartment Building","5"
"https://www.loopnet.com/Listing/3203-14th-Ave-Oakland-CA/39227890/","3203 14th Ave","Oakland, CA 94602","$1,350,000","6.71% Cap Rate","9 Unit Apartment Building","5"
"https://www.loopnet.com/Listing/2275-Grove-Way-Castro-Valley-CA/39215117/","2275 Grove Way","Castro Valley, CA 94546","$12,950,000","5.25% Cap Rate","37 Unit Apartment Building","5"
"https://www.loopnet.com/Listing/135-Spring-Grove-Ave-San-Rafael-CA/39214972/","135 Spring Grove Ave","San Rafael, CA 94901","Holmes Burrell Real Estate","$2,450,000","3 Unit Apartment Building","5"
"https://www.loopnet.com/Listing/176-180-Langton-St-San-Francisco-CA/39209266/","176-180 Langton St","San Francisco, CA 94103","$1,495,000","4.68% Cap Rate","3 Unit Apartment Building","5"
"https://www.loopnet.com/Listing/4422-Ygnacio-Ave-Oakland-CA/39202327/","4422 Ygnacio Ave","Oakland, CA 94601","MKD Group Realty","$550,000","6.00% Cap Rate","5"
"https://www.loopnet.com/Listing/1237-1241-Coronado-Dr-Sunnyvale-CA/39202273/","1237-1241 Coronado Dr","Sunnyvale, CA 94086","$4,560,000","3.80% Cap Rate","8 Unit Apartment Building","6"
"https://www.loopnet.com/Listing/1504-13th-Ave-Oakland-CA/39195627/","1504 13th Ave","Oakland, CA 94606","$1,550,000","7.78% Cap Rate","8 Unit Apartment Building","6"
"https://www.loopnet.com/Listing/1180-Saranap-Ave-Walnut-Creek-CA/39194404/","1180 Saranap Ave","Walnut Creek, CA 94595","$5,500,000","6.23% Cap Rate","24 Unit Apartment Building","6"
"https://www.loopnet.com/Listing/2171-2175-Allston-Way-Berkeley-CA/39181199/","2171-2175 Allston Way","Berkeley, CA 94704","$16,800,000","5.39% Cap Rate","47 Unit Apartment Building","6"
"https://www.loopnet.com/Listing/2243-2245-Ashby-Ave-Berkeley-CA/39180170/","2243-2245 Ashby Ave","Berkeley, CA 94705","$3,200,000","5.71% Cap Rate","5 Unit Apartment Building","6"
"https://www.loopnet.com/Listing/1620-Fruitvale-Ave-Oakland-CA/39177563/","1620 Fruitvale Ave","Oakland, CA 94601","$2,950,000","5.50% Cap Rate","30 Unit Apartment Building","6"
"https://www.loopnet.com/Listing/1603-Revere-Ave-San-Francisco-CA/39167712/","1603 Revere Ave","San Francisco, CA 94124","$949,000","7.39% Cap Rate","3 Unit Apartment Building","6"
"https://www.loopnet.com/Listing/225-Ellis-St-San-Francisco-CA/39165497/","225 Ellis St","San Francisco, CA 94102","$3,980,000","16 Unit Apartment Building","6,567 SF","6"
"https://www.loopnet.com/Listing/40775-Max-Dr-Fremont-CA/39149642/","40775 Max Dr","Fremont, CA 94538","Amit Urban","$2,050,000","4 Unit Apartment Building","6"
"https://www.loopnet.com/Listing/1235-Leigh-Ave-San-Jose-CA/39148230/","1235 Leigh Ave","San Jose, CA 95126","$5,050,000","5.92% Cap Rate","18 Unit Apartment Building","6"
"https://www.loopnet.com/Listing/5653-Via-Monte-Dr-San-Jose-CA/39100039/","5653 Via Monte Dr","San Jose, CA 95118","$1,700,000","3.95% Cap Rate","4 Unit Apartment Building","6"
"https://www.loopnet.com/Listing/315-E-Okeefe-St-Palo-Alto-CA/39086508/","315 E Okeefe St","Palo Alto, CA 94303","$9,000,000","5.00% Cap Rate","38 Unit Apartment Building","6"
"https://www.loopnet.com/Listing/5600-El-Dorado-Ave-El-Cerrito-CA/39069427/","5600 El Dorado Ave","El Cerrito, CA 94530","$2,295,000","6.04% Cap Rate","10 Unit Apartment Building","6"
"https://www.loopnet.com/Listing/3031-Chestnut-St-Oakland-CA/39053804/","3031 Chestnut St","Oakland, CA 94608","$895,000","6.48% Cap Rate","2 Unit Apartment Building","6"
"https://www.loopnet.com/Listing/661-Fillmore-St-San-Francisco-CA/39052797/","661 Fillmore St","San Francisco, CA 94117","$3,675,000","5.54% Cap Rate","10 Unit Apartment Building","6"
"https://www.loopnet.com/Listing/523-530-N-1st-St-San-Jose-CA/39052528/","523-530 N 1st St","San Jose, CA 95112","$10,600,000","6.10% Cap Rate","39 Unit Apartment Building","6"
"https://www.loopnet.com/Listing/470-Del-Medio-Ave-Mountain-View-CA/39032651/","470 Del Medio Ave","Mountain View, CA 94040","$3,900,000","4.71% Cap Rate","10 Unit Apartment Building","6"
"https://www.loopnet.com/Listing/1736-23rd-Ave-Oakland-CA/39032540/","1736 23rd Ave","Oakland, CA 94606","$1,395,000","5.85% Cap Rate","13 Unit Apartment Building","6"
"https://www.loopnet.com/Listing/2345-92nd-Ave-Oakland-CA/38989796/","2345 92nd Ave","Oakland, CA 94603","$1,300,500","10.96% Cap Rate","11 Unit Apartment Building","6"
"https://www.loopnet.com/Listing/20324-Forest-Ave-Castro-Valley-CA/38987731/","20324 Forest Ave","Castro Valley, CA 94546","$6,150,000","5.81% Cap Rate","20 Unit Apartment Building","6"
"https://www.loopnet.com/Listing/3691-Cape-Cod-Ct-San-Jose-CA/38972848/","3691 Cape Cod Ct","San Jose, CA 95117","Silicon Valley Multifamily Group","$2,048,000","3.92% Cap Rate","6"
"https://www.loopnet.com/Listing/807-Burnett-Ave-San-Francisco-CA/38968303/","807 Burnett Ave","San Francisco, CA 94131","$2,500,000","5.11% Cap Rate","5 Unit Apartment Building","6"
"https://www.loopnet.com/Listing/875-Wood-St-Oakland-CA/38848361/","875 Wood St","Oakland, CA 94607","$1,260,000","2 Unit Apartment Building","2,084 SF","6"
"https://www.loopnet.com/Listing/986-Kains-Ave-Albany-CA/38846191/","986 Kains Ave","Albany, CA 94706","$2,250,000","4.71% Cap Rate","5 Unit Apartment Building","6"
"https://www.loopnet.com/Listing/4-Single-Family-Homes-Portfolio-San-Jose/38834336/","4 Single Family Homes Portfolio San Jose","","$3,989,000","4 Multifamily Properties","","6"
"https://www.loopnet.com/Listing/6446-6452-Colby-St-Oakland-CA/38781829/","6446-6452 Colby St","Oakland, CA 94618","$2,195,000","5.85% Cap Rate","9 Unit Apartment Building","7"
"https://www.loopnet.com/Listing/480-Grant-Ave-San-Francisco-CA/38766618/","480 Grant Ave","San Francisco, CA 94108","$5,200,000","5 Unit Apartment Building","8,858 SF","7"
"https://www.loopnet.com/Listing/5492-Ruth-Ave-Oakland-CA/38720337/","5492 Ruth Ave","Oakland, CA 94601","$885,000","6.00% Cap Rate","4 Unit Apartment Building","7"
"https://www.loopnet.com/Listing/419-Harvey-Pl-Pacifica-CA/38708962/","419 Harvey Pl","Pacifica, CA 94044","Home Sales Team Inc","$1,850,000","3.74% Cap Rate","7"
"https://www.loopnet.com/Listing/40-Leafwood-Cir-San-Rafael-CA/38657645/","40 Leafwood Cir","San Rafael, CA 94901","MKD Group Realty","$1,400,000","6.52% Cap Rate","7"
"https://www.loopnet.com/Listing/214-Barrett-Ave-Richmond-CA/38610069/","214 Barrett Ave","Richmond, CA 94801","$725,000","3 Unit Apartment Building","2,484 SF","7"
"https://www.loopnet.com/Listing/2391-2393-Mission-St-San-Francisco-CA/38609913/","2391-2393 Mission St","San Francisco, CA 94110","$1,248,000","6.61% Cap Rate","3 Unit Apartment Building","7"
"https://www.loopnet.com/Listing/1454-S-Van-Ness-Ave-San-Francisco-CA/38560247/","1454 S Van Ness Ave","San Francisco, CA 94110","$4,400,000","5.08% Cap Rate","5 Unit Apartment Building","7"
"https://www.loopnet.com/Listing/811-815-Oak-St-San-Francisco-CA/38559337/","811-815 Oak St","San Francisco, CA 94117","$4,500,000","6.04% Cap Rate","4 Unit Apartment Building","7"
"https://www.loopnet.com/Listing/The-Spartans-Portfolio-38-SRO-Units/38510761/","The Spartans Portfolio - 38 SRO Units","","$4,000,000","6.40% Cap Rate","4 Multifamily Properties","7"
"https://www.loopnet.com/Listing/528-Grand-Ave-South-San-Francisco-CA/38508876/","528 Grand Ave","South San Francisco, CA 94080","$2,799,800","5.22% Cap Rate","7 Unit Apartment Building","7"
"https://www.loopnet.com/Listing/3126-Lone-Tree-Way-Antioch-CA/38505590/","3126 Lone Tree Way","Antioch, CA 94509","$3,850,000","6.05% Cap Rate","16 Unit Apartment Building","7"
"https://www.loopnet.com/Listing/1520-Leavenworth-St-San-Francisco-CA/38486976/","1520 Leavenworth St","San Francisco, CA 94109","$2,995,000","5.42% Cap Rate","7 Unit Apartment Building","7"
"https://www.loopnet.com/Listing/669-Masson-Ave-San-Bruno-CA/38480601/","669 Masson Ave","San Bruno, CA 94066","$2,050,000","4.11% Cap Rate","4 Unit Apartment Building","7"
"https://www.loopnet.com/Listing/483-Joaquin-Ave-San-Leandro-CA/38476511/","483 Joaquin Ave","San Leandro, CA 94577","$1,595,000","6.38% Cap Rate","5 Unit Apartment Building","7"
"https://www.loopnet.com/Listing/3464-Champion-St-Oakland-CA/38473608/","3464 Champion St","Oakland, CA 94602","$999,999","5.96% Cap Rate","6 Unit Apartment Building","7"
"https://www.loopnet.com/Listing/610-616-South-Amphlett-Blvd/38454274/","610-616 South Amphlett Blvd","","$4,800,000","6.28% Cap Rate","2 Properties | Mixed Types","7"
"https://www.loopnet.com/Listing/522-526-40th-St-Oakland-CA/38439577/","522-526 40th St","Oakland, CA 94609","$1,650,000","6.79% Cap Rate","8 Unit Apartment Building","7"
"https://www.loopnet.com/Listing/1523-1527-8th-Ave-Oakland-CA/38425135/","1523-1527 8th Ave","Oakland, CA 94606","$3,250,000","7.62% Cap Rate","20 Unit Apartment Building","7"
"https://www.loopnet.com/Listing/2421-Carlmont-Dr-Belmont-CA/38423173/","2421 Carlmont Dr","Belmont, CA 94002","$7,800,000","4.68% Cap Rate","18 Unit Apartment Building","7"
"https://www.loopnet.com/Listing/1533-Julia-St-Berkeley-CA/38409443/","1533 Julia St","Berkeley, CA 94703","$1,295,000","7.92% Cap Rate","4 Unit Apartment Building","7"
"https://www.loopnet.com/Listing/1364-1368-47th-Ave-San-Francisco-CA/38396197/","1364-1368 47th Ave","San Francisco, CA 94122","$1,550,000","5.27% Cap Rate","5 Unit Apartment Building","7"
"https://www.loopnet.com/Listing/4328-4330-Geary-Blvd-San-Francisco-CA/38359382/","4328-4330 Geary Blvd","San Francisco, CA 94118","$2,475,000","8.17% Cap Rate","12 Unit Apartment Building","7"
"https://www.loopnet.com/Listing/2140-Dutch-Slough-Rd-Oakley-CA/38352977/","2140 Dutch Slough Rd","Oakley, CA 94561","$1,695,000","6.50% Cap Rate","9 Unit Apartment Building","7"
"https://www.loopnet.com/Listing/2004-27th-Ave-Oakland-CA/38330099/","2004 27th Ave","Oakland, CA 94601","$995,000","6.07% Cap Rate","7 Unit Apartment Building","7"
"https://www.loopnet.com/Listing/1730-Bay-Rd-Palo-Alto-CA/38310524/","1730 Bay Rd","Palo Alto, CA 94303","$19,000,000","3.87% Cap Rate","78 Unit Apartment Building","8"
"https://www.loopnet.com/Listing/16005-Mateo-St-San-Leandro-CA/38285414/","16005 Mateo St","San Leandro, CA 94578","$3,295,000","7.68% Cap Rate","13 Unit Apartment Building","8"
"https://www.loopnet.com/Listing/937-Las-Juntas-St-Martinez-CA/38281929/","937 Las Juntas St","Martinez, CA 94553","$950,000","6.15% Cap Rate","3 Unit Apartment Building","8"
"https://www.loopnet.com/Listing/256-La-Pala-Dr-San-Jose-CA/38281648/","256 La Pala Dr","San Jose, CA 95127","$11,800,000","6.03% Cap Rate","38 Unit Apartment Building","8"
"https://www.loopnet.com/Listing/518-19th-Ave-San-Mateo-CA/38267327/","518 19th Ave","San Mateo, CA 94403","$2,450,000","4.03% Cap Rate","7 Unit Apartment Building","8"
"https://www.loopnet.com/Listing/1380-48th-Ave-San-Francisco-CA/38255221/","1380 48th Ave","San Francisco, CA 94122","$2,898,000","6.04% Cap Rate","8 Unit Apartment Building","8"
"https://www.loopnet.com/Listing/944-Fletcher-Ln-Hayward-CA/38220678/","944 Fletcher Ln","Hayward, CA 94541","$4,350,000","5.98% Cap Rate","18 Unit Apartment Building","8"
"https://www.loopnet.com/Listing/121-Lorton-Ave-Burlingame-CA/38163936/","121 Lorton Ave","Burlingame, CA 94010","$4,950,000","3.00% Cap Rate","9 Unit Apartment Building","8"
"https://www.loopnet.com/Listing/736-14th-St-San-Francisco-CA/38145422/","736 14th St","San Francisco, CA 94114","$2,780,000","6.29% Cap Rate","6 Unit Apartment Building","8"
"https://www.loopnet.com/Listing/1817-6th-St-Berkeley-CA/38143375/","1817 6th St","Berkeley, CA 94710","$2,045,000","7.00% Cap Rate","5 Unit Apartment Building","8"
"https://www.loopnet.com/Listing/1921-Dwight-Way-Berkeley-CA/38140333/","1921 Dwight Way","Berkeley, CA 94704","$1,195,000","3.76% Cap Rate","2 Unit Apartment Building","8"
"https://www.loopnet.com/Listing/The-Wainwright-Apartments/38114451/","The Wainwright Apartments","","$5,000,000","6 Multifamily Properties","","8"
"https://www.loopnet.com/Listing/15609-Ronda-St-San-Lorenzo-CA/38103316/","15609 Ronda St","San Lorenzo, CA 94580","$2,000,000","4.84% Cap Rate","7 Unit Apartment Building","8"
"https://www.loopnet.com/Listing/1299-Leigh-Ave-San-Jose-CA/38029276/","1299 Leigh Ave","San Jose, CA 95126","$10,650,000","5.87% Cap Rate","36 Unit Apartment Building","8"
"https://www.loopnet.com/Listing/1761-1763-16th-St-Oakland-CA/37973055/","1761-1763 16th St","Oakland, CA 94607","$308,000","2 Units Available","Office/Retail Condo","8"
"https://www.loopnet.com/Listing/350-Lafayette-Ave-San-Leandro-CA/37965875/","350 Lafayette Ave","San Leandro, CA 94577","$1,750,000","5.29% Cap Rate","5 Unit Apartment Building","8"
"https://www.loopnet.com/Listing/185-Belleview-Dr-San-Leandro-CA/37965867/","185 Belleview Dr","San Leandro, CA 94577","$1,650,000","5.41% Cap Rate","5 Unit Apartment Building","8"
"https://www.loopnet.com/Listing/28222-Lustig-Ct-Hayward-CA/37962376/","28222 Lustig Ct","Hayward, CA 94544","$9,795,000","6.90% Cap Rate","24 Unit Apartment Building","8"
"https://www.loopnet.com/Listing/667-10th-St-Oakland-CA/37918806/","667 10th St","Oakland, CA 94607","$995,000","6.40% Cap Rate","4 Unit Apartment Building","8"
"https://www.loopnet.com/Listing/1458-E-33rd-St-Oakland-CA/37884788/","1458 E 33rd St","Oakland, CA 94602","Frank Hennefer Realtor","$2,678,000","18 Unit Apartment Building","8"
"https://www.loopnet.com/Listing/1140-El-Camino-Real-Burlingame-CA/37847823/","1140 El Camino Real","Burlingame, CA 94010","$2,995,000","3.74% Cap Rate","6 Unit Apartment Building","8"
"https://www.loopnet.com/Listing/1919-Curtis-St-Berkeley-CA/37805122/","1919 Curtis St","Berkeley, CA 94702","$3,100,000","4.52% Cap Rate","10 Unit Apartment Building","8"
"https://www.loopnet.com/Listing/539-Mandana-Blvd-Oakland-CA/37771646/","539 Mandana Blvd","Oakland, CA 94610","$1,650,000","6.95% Cap Rate","7 Unit Apartment Building","8"
"https://www.loopnet.com/Listing/184-13th-St-Oakland-CA/37654286/","184 13th St","Oakland, CA 94612","$11,500,000","7.70% Cap Rate","98 Unit Apartment Building","8"
"https://www.loopnet.com/Listing/400-Lagunitas-Ave-Oakland-CA/37626443/","400 Lagunitas Ave","Oakland, CA 94610","$1,325,000","8.80% Cap Rate","8 Unit Apartment Building","8"
"https://www.loopnet.com/Listing/2062-Washington-Ave-San-Leandro-CA/37601412/","2062 Washington Ave","San Leandro, CA 94577","Dudum Real Estate Group","$799,999","2 Unit Apartment Building","9"
"https://www.loopnet.com/Listing/1523-1527-Verdi-St-Alameda-CA/37529128/","1523-1527 Verdi St","Alameda, CA 94501","$2,395,000","6.22% Cap Rate","6 Unit Apartment Building","9"
"https://www.loopnet.com/Listing/4567-4575-Hamilton-Ave-San-Jose-CA/37528939/","4567-4575 Hamilton Ave","San Jose, CA 95130","$5,695,000","5.06% Cap Rate","20 Unit Apartment Building","9"
"https://www.loopnet.com/Listing/399-Schafer-Rd-Hayward-CA/37524109/","399 Schafer Rd","Hayward, CA 94544","$8,095,000","6.90% Cap Rate","30 Unit Apartment Building","9"
"https://www.loopnet.com/Listing/669-Ellis-St-San-Francisco-CA/37523155/","669 Ellis St","San Francisco, CA 94109","SkyGroup Realty Inc.","$1,995,000","14 Unit Apartment Building","9"
"https://www.loopnet.com/Listing/2324-2332-International-Blvd-Oakland-CA/37490594/","2324-2332 International Blvd","Oakland, CA 94601","$2,100,000","8 Unit Apartment Building","7,000 SF","9"
"https://www.loopnet.com/Listing/1298-63rd-St-Emeryville-CA/37429715/","1298 63rd St","Emeryville, CA 94608","$2,195,000","7.04% Cap Rate","6 Unit Apartment Building","9"
"https://www.loopnet.com/Listing/1442-Gordon-St-Redwood-City-CA/37372995/","1442 Gordon St","Redwood City, CA 94061","$6,800,000","5.74% Cap Rate","14 Unit Apartment Building","9"
"https://www.loopnet.com/Listing/1440-Gordon-St-Redwood-City-CA/37372253/","1440 Gordon St","Redwood City, CA 94061","$6,570,000","5.55% Cap Rate","15 Unit Apartment Building","9"
"https://www.loopnet.com/Listing/954-Park-St-Alameda-CA/37353965/","954 Park St","Alameda, CA 94501","$1,625,000","5.21% Cap Rate","6 Unit Apartment Building","9"
"https://www.loopnet.com/Listing/3314-Farnam-St-Oakland-CA/37338719/","3314 Farnam St","Oakland, CA 94601","$795,000","4 Unit Apartment Building","4,060 SF","9"
"https://www.loopnet.com/Listing/5424-Saint-Mark-Ave-Newark-CA/37322981/","5424 Saint Mark Ave","Newark, CA 94560","$5,088,000","5.71% Cap Rate","16 Unit Apartment Building","9"
"https://www.loopnet.com/Listing/2136-Main-St-Santa-Clara-CA/37322233/","2136 Main St","Santa Clara, CA 95050","$2,125,000","4.56% Cap Rate","6 Unit Apartment Building","9"
"https://www.loopnet.com/Listing/801-Meadowsweet-Corte-Madera-CA/37319564/","801 Meadowsweet","Corte Madera, CA 94925","$8,500,000","4.78% Cap Rate","19 Unit Apartment Building","9"
"https://www.loopnet.com/Listing/514-Baden-Ave-South-San-Francisco-CA/37278423/","514 Baden Ave","South San Francisco, CA 94080","$3,250,000","5.80% Cap Rate","7 Unit Apartment Building","9"
"https://www.loopnet.com/Listing/1715-Polk-St-San-Francisco-CA/37240666/","1715 Polk St","San Francisco, CA 94109","$1,200,000","1 Unit Available","Office Condo","9"
"https://www.loopnet.com/Listing/1314-1316-Ashby-Ave-Berkeley-CA/37217114/","1314-1316 Ashby Ave","Berkeley, CA 94702","$2,000,000","6.49% Cap Rate","5 Unit Apartment Building","9"
"https://www.loopnet.com/Listing/1682-Oxford-St-Berkeley-CA/37131707/","1682 Oxford St","Berkeley, CA 94709","$1,850,000","4 Unit Apartment Building","2,396 SF","9"
"https://www.loopnet.com/Listing/1496-167th-Ave-Ashland-CA/37078533/","1496 167th Ave","Ashland, CA 94578","$6,360,000","4.34% Cap Rate","20 Unit Apartment Building","9"
"https://www.loopnet.com/Listing/2327-2329-San-Pablo-Ave-Oakland-CA/36951648/","2327-2329 San Pablo Ave","Oakland, CA 94612","$1,395,000","8.30% Cap Rate","23 Unit Apartment Building","9"
"https://www.loopnet.com/Listing/24586-24598-Sybil-Ave-Hayward-CA/36883971/","24586-24598 Sybil Ave","Hayward, CA 94542","$3,995,000","3.87% Cap Rate","14 Unit Apartment Building","9"
"https://www.loopnet.com/Listing/2200-Village-Ct-Belmont-CA/36856658/","2200 Village Ct","Belmont, CA 94002","$10,150,000","4.11% Cap Rate","23 Unit Apartment Building","9"
"https://www.loopnet.com/Listing/2240-2242-Macarthur-Blvd-Oakland-CA/36855759/","2240-2242 Macarthur Blvd","Oakland, CA 94602","Frank Hennefer Realtor","$2,750,000","6.81% Cap Rate","9"
"https://www.loopnet.com/Listing/575-Myrtle-St-Half-Moon-Bay-CA/36850514/","575 Myrtle St","Half Moon Bay, CA 94019","$1,498,000","3 Unit Apartment Building","3,745 SF","9"
"https://www.loopnet.com/Listing/414-416-Bryant-St-San-Francisco-CA/36700863/","414-416 Bryant St","San Francisco, CA 94107","$2,800,000","6.16% Cap Rate","15 Unit Apartment Building","9"
"https://www.loopnet.com/Listing/2170-2180-Fremont-St-Concord-CA/36685981/","2170-2180 Fremont St","Concord, CA 94520","$3,824,000","5.74% Cap Rate","16 Unit Apartment Building","10"
"https://www.loopnet.com/Listing/449-451-9th-St-San-Francisco-CA/36666257/","449-451 9th St","San Francisco, CA 94103","$2,388,000","6.75% Cap Rate","11 Unit Apartment Building","10"
"https://www.loopnet.com/Listing/537-Chester-St-Oakland-CA/36645841/","537 Chester St","Oakland, CA 94607","$675,000","5.15% Cap Rate","2 Unit Apartment Building","10"
"https://www.loopnet.com/Listing/1485-1495-Lincoln-Ave-San-Rafael-CA/36632991/","1485-1495 Lincoln Ave","San Rafael, CA 94901","$3,000,000","10 Unit Apartment Building","12,098 SF","10"
"https://www.loopnet.com/Listing/1155-Pine-St-San-Francisco-CA/36506905/","1155 Pine St","San Francisco, CA 94109","$895,000","1 Unit Available","Office Condo","10"
"https://www.loopnet.com/Listing/2002-Paradise-Dr-Tiburon-CA/36504442/","2002 Paradise Dr","Tiburon, CA 94920","$6,877,000","2.80% Cap Rate","3 Unit Apartment Building","10"
"https://www.loopnet.com/Listing/37-Pacheco-St-San-Rafael-CA/36412618/","37 Pacheco St","San Rafael, CA 94901","$2,000,000","4.70% Cap Rate","6 Unit Apartment Building","10"
"https://www.loopnet.com/Listing/3173-21st-St-San-Francisco-CA/36356008/","3173 21st St","San Francisco, CA 94110","$1,590,000","6.01% Cap Rate","4 Unit Apartment Building","10"
"https://www.loopnet.com/Listing/336-N-5th-St-San-Jose-CA/36263211/","336 N 5th St","San Jose, CA 95112","$2,798,000","5.02% Cap Rate","10 Unit Apartment Building","10"
"https://www.loopnet.com/Listing/700-Broadway-San-Francisco-CA/36249699/","700 Broadway","San Francisco, CA 94133","Pacific Realty","$5,900,000","17 Unit Apartment Building","10"
"https://www.loopnet.com/Listing/1750-Diane-Ct-Concord-CA/36119837/","1750 Diane Ct","Concord, CA 94520","$2,600,000","6.19% Cap Rate","10 Unit Apartment Building","10"
"https://www.loopnet.com/Listing/2483-2491-Whitney-Dr-Mountain-View-CA/36057032/","2483-2491 Whitney Dr","Mountain View, CA 94043","$16,500,000","4.80% Cap Rate","40 Unit Apartment Building","10"
"https://www.loopnet.com/Listing/2311-Carlmont-Dr-Belmont-CA/35933522/","2311 Carlmont Dr","Belmont, CA 94002","$8,500,000","6.50% Cap Rate","19 Unit Apartment Building","10"
"https://www.loopnet.com/Listing/7300-7302-Ney-Ave-Oakland-CA/35863832/","7300-7302 Ney Ave","Oakland, CA 94605","$449,000","2 Unit Apartment Building","1,972 SF","10"
"https://www.loopnet.com/Listing/757-Warrington-Ave-Redwood-City-CA/35418481/","757 Warrington Ave","Redwood City, CA 94063","$1,800,000","3.23% Cap Rate","4 Unit Apartment Building","10"
"https://www.loopnet.com/Listing/1000-E-33rd-St-Oakland-CA/35396240/","1000 E 33rd St","Oakland, CA 94610","$1,985,000","4.30% Cap Rate","6 Unit Apartment Building","10"
"https://www.loopnet.com/Listing/1511-150th-Ave-San-Leandro-CA/35315236/","1511 150th Ave","San Leandro, CA 94578","Athena Stanford, Broker","$3,250,000","22 Unit Mobile Home Park","10"
"https://www.loopnet.com/Listing/Unit-101375000-Unit-102410000/35284187/","Unit #101=$375,000  / Unit #102=$410,000","","$785,000","2 Multifamily Properties","","10"
"https://www.loopnet.com/Listing/97-E-Saint-James-St-San-Jose-CA/35284143/","97 E Saint James St","San Jose, CA 95112","$375,000 - $410,000","2 Units Available","Office Condo","10"
"https://www.loopnet.com/Listing/815-San-Pablo-Ave-Pinole-CA/35109346/","815 San Pablo Ave","Pinole, CA 94564","$1,600,000","4.48% Cap Rate","5 Unit Apartment Building","10"
"https://www.loopnet.com/Listing/325-327-Hawthorne-Ave-Palo-Alto-CA/35096291/","325-327 Hawthorne Ave","Palo Alto, CA 94301","$10,500,000","4.31% Cap Rate","15 Unit Apartment Building","10"
"https://www.loopnet.com/Listing/247-4th-St-Oakland-CA/35081736/","247 4th St","Oakland, CA 94607","$925,000","1 Unit Available","Retail Condo","10"
"https://www.loopnet.com/Listing/7940-Bancroft-Ave-Oakland-CA/35010507/","7940 Bancroft Ave","Oakland, CA 94605","$2,500,000","6.00% Cap Rate","9 Unit Apartment Building","10"
"https://www.loopnet.com/Listing/1775-Marco-Polo-Way-Burlingame-CA/34924843/","1775 Marco Polo Way","Burlingame, CA 94010","$16,498,000","5.75% Cap Rate","40 Unit Apartment Building","10"
"https://www.loopnet.com/Listing/505-Cypress-Ave-South-San-Francisco-CA/34924624/","505 Cypress Ave","South San Francisco, CA 94080","$7,100,000","5.10% Cap Rate","45 Unit Apartment Building","10"
"https://www.loopnet.com/Listing/2604-Sierra-Vista-Ct-San-Jose-CA/34921513/","2604 Sierra Vista Ct","San Jose, CA 95116","Amit Urban","$2,750,000","7.68% Cap Rate","11"
"https://www.loopnet.com/Listing/19465-Meekland-Ave-Cherryland-CA/34903820/","19465 Meekland Ave","Cherryland, CA 94541","$3,700,000","7.17% Cap Rate","11 Unit Apartment Building","11"
"https://www.loopnet.com/Listing/8016-MacArthur-Blvd-Oakland-CA/34819921/","8016 MacArthur Blvd","Oakland, CA 94605","$895,000","12.49% Cap Rate","6 Unit Apartment Building","11"
"https://www.loopnet.com/Listing/30-Topeka-Ave-San-Jose-CA/34685515/","30 Topeka Ave","San Jose, CA 95128","$1,488,888","3.44% Cap Rate","2 Unit Apartment Building","11"
"https://www.loopnet.com/Listing/400-Beale-St-San-Francisco-CA/34629290/","400 Beale St","San Francisco, CA 94105","$988,000","1 Unit Available","Office/Retail Condo","11"
"https://www.loopnet.com/Listing/64-Laurel-St-San-Carlos-CA/34382726/","64 Laurel St","San Carlos, CA 94070","Armando  Investments","$5,500,000","5 Unit Apartment Building","11"
"https://www.loopnet.com/Listing/3865-3867-Maybelle-Ave-Oakland-CA/33934714/","3865-3867 Maybelle Ave","Oakland, CA 94619","$1,395,000","8 Unit Apartment Building","6,558 SF","11"
"https://www.loopnet.com/Listing/1614-Russell-St-Berkeley-CA/33223477/","1614 Russell St","Berkeley, CA 94703","$1,195,000","9.21% Cap Rate","5 Unit Apartment Building","11"
"https://www.loopnet.com/Listing/2521-San-Pablo-Ave-Oakland-CA/32477296/","2521 San Pablo Ave","Oakland, CA 94612","$1,975,000","4 Unit Apartment Building","16,582 SF","11"
"https://www.loopnet.com/Listing/314-324-105th-Ave-Oakland-CA/32467166/","314-324 105th Ave","Oakland, CA 94603","$6,999,000","6.20% Cap Rate","48 Unit Apartment Building","11"
"https://www.loopnet.com/Listing/24656-ONeil-Ave-Hayward-CA/32322421/","24656 ONeil Ave","Hayward, CA 94544","$3,400,000","5.43% Cap Rate","9 Unit Apartment Building","11"
"https://www.loopnet.com/Listing/1052-Redwood-Hwy-Frontage-Rd-Mill-Valley-CA/32212489/","1052 Redwood Hwy Frontage Rd","Mill Valley, CA 94941","$9,995,000","4.29% Cap Rate","25 Unit Apartment Building","11"
"https://www.loopnet.com/Listing/2027-2029-Market-St-San-Francisco-CA/31951670/","2027-2029 Market St","San Francisco, CA 94114","$4,950,000","1 Unit Available","Office/Retail Condo","11"
"https://www.loopnet.com/Listing/311-11th-Ave-San-Francisco-CA/31918352/","311 11th Ave","San Francisco, CA 94118","$3,500,000","8.33% Cap Rate","15 Unit Apartment Building","11"
"https://www.loopnet.com/Listing/2520-Ohio-Ave-Richmond-CA/31845746/","2520 Ohio Ave","Richmond, CA 94804","$4,399,000","7.02% Cap Rate","34 Unit Apartment Building","11"
"https://www.loopnet.com/Listing/2180-California-St-Concord-CA/31821872/","2180 California St","Concord, CA 94520","$2,580,000","4.34% Cap Rate","6 Unit Apartment Building","11"
"https://www.loopnet.com/Listing/3114-Ashbrook-Ct-Oakland-CA/30858755/","3114 Ashbrook Ct","Oakland, CA 94601","$1,275,000","7.00% Cap Rate","8 Unit Apartment Building","11"
"https://www.loopnet.com/Listing/2976-2980-Mission-St-San-Francisco-CA/30852158/","2976-2980 Mission St","San Francisco, CA 94110","$1,600,000","4 Unit Apartment Building","3,490 SF","11"
"https://www.loopnet.com/Listing/1917-6th-St-Berkeley-CA/30079670/","1917 6th St","Berkeley, CA 94710","$3,080,000","5.35% Cap Rate","12 Unit Apartment Building","11"
"https://www.loopnet.com/Listing/420-S-Van-Ness-Ave-San-Francisco-CA/28771307/","420 S Van Ness Ave","San Francisco, CA 94103","$825,000","1 Unit Available","Retail Condo","11"
"https://www.loopnet.com/Listing/200-Lombard-St-San-Francisco-CA/28700944/","200 Lombard St","San Francisco, CA 94111","$1,150,000","1 Unit Available","Office/Medical Condo","11"
"https://www.loopnet.com/Listing/699-2nd-St-San-Francisco-CA/27820209/","699 2nd St","San Francisco, CA 94107","$2,250,000","1 Unit Available","Retail Condo","11"
"https://www.loopnet.com/Listing/1300-Church-St-San-Francisco-CA/26491245/","1300 Church St","San Francisco, CA 94114","$1,895,000","3 Unit Apartment Building","3,675 SF","11"
"https://www.loopnet.com/Listing/8024-Rudsdale-St-Oakland-CA/24918413/","8024 Rudsdale St","Oakland, CA 94621","$1,400,000","15 Unit Apartment Building","17,125 SF","11"
"https://www.loopnet.com/Listing/1804-Bay-Rd-East-Palo-Alto-CA/24664502/","1804 Bay Rd","East Palo Alto, CA 94303","$7,950,000","75 Unit Apartment Building","102,753 SF","11"
"https://www.loopnet.com/Listing/4801-Shattuck-Ave-Oakland-CA/39464067/","4801 Shattuck Ave","Oakland, CA 94609","Price Upon Request","43 Unit Apartment Building","32,007 SF","12"
"https://www.loopnet.com/Listing/2611-Alma-St-Palo-Alto-CA/39054568/","2611 Alma St","Palo Alto, CA 94306","Price Upon Request","4 Unit Apartment Building","2,000 SF","12"
"https://www.loopnet.com/Listing/529-Stevenson-St-San-Francisco-CA/38555392/","529 Stevenson St","San Francisco, CA 94103","Price Upon Request","61 Unit Apartment Building","37,067 SF","12"
"https://www.loopnet.com/Listing/102-University-Ave-Palo-Alto-CA/37640391/","102 University Ave","Palo Alto, CA 94301","Price Upon Request","3 Unit Apartment Building","17,000 SF","12"
"https://www.loopnet.com/Listing/3142-Coolidge-Ave-Oakland-CA/34658603/","3142 Coolidge Ave","Oakland, CA 94602","Price Upon Request","6 Unit Apartment Building","5,701 SF","12"
"https://www.loopnet.com/Listing/889-Mc-Lellan-Dr-S-South-San-Francisco-CA/34061269/","889 Mc Lellan Dr S","South San Francisco, CA 94080","Price Upon Request","5 Units Available","Retail Condo","12"
"https://www.loopnet.com/Listing/830-University-Dr-Menlo-Park-CA/33233904/","830 University Dr","Menlo Park, CA 94025","Price Upon Request","4 Unit Apartment Building","6,516 SF","12"
"https://www.loopnet.com/Listing/401-409-8th-St-Oakland-CA/25557832/","401-409 8th St","Oakland, CA 94607","Price Upon Request","1 Unit Available","Retail Condo","12"
"https://www.loopnet.com/Listing/436-Turner-Ter-San-Mateo-CA/39215638/","436 Turner Ter","San Mateo, CA 94401","$1,895,000","3 Unit Apartment Building","2,993 SF","12"
"https://www.loopnet.com/Listing/Strawberry-Knoll-Apartments/39822400/","Strawberry Knoll Apartments","","$13,000,000","4.34% Cap Rate","2 Multifamily Properties","12"
"https://www.loopnet.com/Listing/567-San-Geronimo-Valley-Dr-San-Geronimo-CA/39794642/","567 San Geronimo Valley Dr","San Geronimo, CA 94963","$895,000","6.30% Cap Rate","2 Unit Apartment Building","12"
"https://www.loopnet.com/Listing/2-Willow-Ave-Fairfax-CA/39747610/","2 Willow Ave","Fairfax, CA 94930","$1,195,000","5.80% Cap Rate","2 Unit Apartment Building","12"
"https://www.loopnet.com/Listing/120-Bulkley-Ave-Sausalito-CA/39725287/","120 Bulkley Ave","Sausalito, CA 94965","$16,500,000","5.02% Cap Rate","28 Unit Apartment Building","12"
"https://www.loopnet.com/Listing/19423-19425-Greenwood-Dr-Cupertino-CA/39643752/","19423-19425 Greenwood Dr","Cupertino, CA 95014","$3,888,000","3.02% Cap Rate","4 Unit Apartment Building","12"
"https://www.loopnet.com/Listing/1600-Webster-St-San-Francisco-CA/39566796/","1600 Webster St","San Francisco, CA 94115","$565,000","1 Unit Available","Office Condo","12"
"https://www.loopnet.com/Listing/2177-3rd-St-San-Francisco-CA/38084084/","2177 3rd St","San Francisco, CA 94107","$964,000","1 Unit Available","Retail Condo","12"
"https://www.loopnet.com/Listing/1513-1515-14th-Ave-Oakland-CA/37938039/","1513-1515 14th Ave","Oakland, CA 94606","$275,000","1 Unit Available","Office/Retail Condo","12"
"https://www.loopnet.com/Listing/7-Merrydale-Rd-San-Rafael-CA/37936675/","7 Merrydale Rd","San Rafael, CA 94903","$2,725,000","5.53% Cap Rate","8 Unit Apartment Building","12"
"https://www.loopnet.com/Listing/40-50-Irving-St-San-Francisco-CA/37867017/","40-50 Irving St","San Francisco, CA 94122","$3,800,000","9 Unit Apartment Building","9,157 SF","12"
"https://www.loopnet.com/Listing/Units-1-2/35685783/","Units 1 & 2","","$4,000,000","2 Multifamily Properties","","12"
"https://www.loopnet.com/Listing/6345-Bethel-Island-Rd-Bethel-Island-CA/31197339/","6345 Bethel Island Rd","Bethel Island, CA 94511","$1,650,000","9.09% Cap Rate","7 Unit Apartment Building","12"
"https://www.loopnet.com/Listing/1093-Del-Rio-Circle-Concord-CA/28140315/","1093 Del Rio Circle","Concord, CA 94518","$2,495,000","1 Unit Available","Flex Condo","12"
"https://www.loopnet.com/Listing/568-Folsom-St-San-Francisco-CA/26732197/","568 Folsom St","San Francisco, CA 94105","$2,450,000","6.74% Cap Rate","6 Unit Apartment Building","12"
"https://www.loopnet.com/Listing/820-Island-Dr-Alameda-CA/14261320/","820 Island Dr","Alameda, CA 94502","$1,299,000","4.86% Cap Rate","Residential Income","12"
"https://www.loopnet.com/Listing/1600-Market-St-San-Francisco-CA/38657517/","1600 Market St","San Francisco, CA 94102","Price Upon Request","1 Unit Available","Office/Medical Condo","12"
"https://www.loopnet.com/Listing/2288-2298-Lombard-St-San-Francisco-CA/33993481/","2288-2298 Lombard St","San Francisco, CA 94123","Price Upon Request","1 Unit Available","Retail Condo","13"
"https://www.loopnet.com/Listing/Two-Development-Sites-Mission-District/30209431/","Two Development Sites | Mission District","","Price Upon Request","2 Properties | Mixed Types","","13"